{"cameraMode":{"drawMode":0,"name":"Shaded","section":"Shading Mode"},"sceneLighting":true,"audioPlay":false,"sceneViewState":{"showFog":true,"showMaterialUpdate":false,"showSkybox":true,"showFlares":true,"showImageEffects":true,"showParticleSystems":true},"in2DMode":false,"pivot":{"x":-272.8337097167969,"y":-686.385986328125,"z":-829.2374877929688},"rotation":{"x":0.05134246498346329,"y":-0.9333626627922058,"z":0.3231465518474579,"w":0.14821022748947144},"size":1156.2515869140625,"orthographic":false}