{"cameraMode":{"drawMode":0,"name":"Shaded","section":"Shading Mode"},"sceneLighting":false,"audioPlay":false,"sceneViewState":{"showFog":true,"showMaterialUpdate":false,"showSkybox":false,"showFlares":true,"showImageEffects":true,"showParticleSystems":true},"in2DMode":false,"pivot":{"x":4.062009334564209,"y":2.676058053970337,"z":33.067588806152347},"rotation":{"x":0.01182213518768549,"y":-0.9770244359970093,"z":0.20549309253692628,"w":0.05602939799427986},"size":5.066866397857666,"orthographic":false}