{"cameraMode":{"drawMode":0,"name":"Shaded","section":"Shading Mode"},"sceneLighting":false,"audioPlay":false,"sceneViewState":{"showFog":true,"showMaterialUpdate":false,"showSkybox":true,"showFlares":true,"showImageEffects":true,"showParticleSystems":true},"in2DMode":false,"pivot":{"x":8.229144096374512,"y":-119.12065887451172,"z":111.53572082519531},"rotation":{"x":0.4216366112232208,"y":0.09824973344802857,"z":-0.05244355648756027,"w":0.9010857343673706},"size":7.433825492858887,"orthographic":false}