{"cameraMode":{"drawMode":0,"name":"Shaded","section":"Shading Mode"},"sceneLighting":false,"audioPlay":false,"sceneViewState":{"showFog":true,"showMaterialUpdate":false,"showSkybox":true,"showFlares":true,"showImageEffects":true,"showParticleSystems":true},"in2DMode":false,"pivot":{"x":-38.04683303833008,"y":-85.05340576171875,"z":64.76082611083985},"rotation":{"x":-0.3800373077392578,"y":0.19126765429973603,"z":-0.0806453675031662,"w":-0.9013870358467102},"size":153.4955596923828,"orthographic":false}