{"cameraMode":{"drawMode":0,"name":"Shaded","section":"Shading Mode"},"sceneLighting":false,"audioPlay":false,"sceneViewState":{"showFog":true,"showMaterialUpdate":false,"showSkybox":true,"showFlares":true,"showImageEffects":true,"showParticleSystems":true},"in2DMode":false,"pivot":{"x":19.590845108032228,"y":-127.18421936035156,"z":57.8253059387207},"rotation":{"x":0.4981082081794739,"y":0.1424572616815567,"z":-0.08852984756231308,"w":0.851990818977356},"size":175.6454620361328,"orthographic":false}