{"cameraMode":{"drawMode":0,"name":"Shaded","section":"Shading Mode"},"sceneLighting":false,"audioPlay":false,"sceneViewState":{"showFog":true,"showMaterialUpdate":false,"showSkybox":true,"showFlares":true,"showImageEffects":true,"showParticleSystems":true},"in2DMode":false,"pivot":{"x":-17.05066680908203,"y":83.58102416992188,"z":15.374293327331543},"rotation":{"x":-0.023853980004787446,"y":-0.7054668068885803,"z":0.7091026306152344,"w":-0.029886821284890176},"size":22.88121223449707,"orthographic":false}