{"cameraMode":{"drawMode":0,"name":"Shaded","section":"Shading Mode"},"sceneLighting":false,"audioPlay":false,"sceneViewState":{"showFog":true,"showMaterialUpdate":false,"showSkybox":false,"showFlares":true,"showImageEffects":true,"showParticleSystems":true},"in2DMode":false,"pivot":{"x":25.935415267944337,"y":2.3345415592193605,"z":-14.119913101196289},"rotation":{"x":-0.08752400428056717,"y":0.8710485696792603,"z":-0.16825313866138459,"w":-0.45314401388168337},"size":1.1763207912445069,"orthographic":false}