{"cameraMode":{"drawMode":0,"name":"Shaded","section":"Shading Mode"},"sceneLighting":true,"audioPlay":false,"sceneViewState":{"showFog":true,"showMaterialUpdate":false,"showSkybox":true,"showFlares":true,"showImageEffects":true,"showParticleSystems":true},"in2DMode":false,"pivot":{"x":-754.7298583984375,"y":-842.7271728515625,"z":-487.1791076660156},"rotation":{"x":-0.17883515357971192,"y":0.8112621307373047,"z":-0.3169592022895813,"w":-0.45861539244651797},"size":1271.2025146484375,"orthographic":false}