{"cameraMode":{"drawMode":0,"name":"Shaded","section":"Shading Mode"},"sceneLighting":false,"audioPlay":false,"sceneViewState":{"showFog":true,"showMaterialUpdate":false,"showSkybox":true,"showFlares":true,"showImageEffects":true,"showParticleSystems":true},"in2DMode":false,"pivot":{"x":0.5203679203987122,"y":0.7808302044868469,"z":0.06996440887451172},"rotation":{"x":-0.0018814840586856008,"y":0.9957647919654846,"z":-0.08455101400613785,"w":0.05884040892124176},"size":4.432547092437744,"orthographic":false}