{"cameraMode":{"drawMode":0,"name":"Shaded","section":"Shading Mode"},"sceneLighting":false,"audioPlay":false,"sceneViewState":{"showFog":true,"showMaterialUpdate":false,"showSkybox":false,"showFlares":true,"showImageEffects":true,"showParticleSystems":true},"in2DMode":false,"pivot":{"x":-0.03499998152256012,"y":0.02409348636865616,"z":1.0640000104904175},"rotation":{"x":0.04460233822464943,"y":-0.9495975971221924,"z":0.16463279724121095,"w":0.2651023268699646},"size":1.9784139394760132,"orthographic":false}