{"cameraMode":{"drawMode":0,"name":"Shaded","section":"Shading Mode"},"sceneLighting":false,"audioPlay":false,"sceneViewState":{"showFog":true,"showMaterialUpdate":false,"showSkybox":true,"showFlares":true,"showImageEffects":true,"showParticleSystems":true},"in2DMode":false,"pivot":{"x":0.5203679203987122,"y":0.7808302044868469,"z":0.06996440887451172},"rotation":{"x":0.11899162828922272,"y":0.6906507015228272,"z":-0.1265987604856491,"w":0.7035473585128784},"size":74.89363098144531,"orthographic":false}