{"cameraMode":{"drawMode":0,"name":"Shaded","section":"Shading Mode"},"sceneLighting":true,"audioPlay":false,"sceneViewState":{"showFog":true,"showMaterialUpdate":false,"showSkybox":true,"showFlares":true,"showImageEffects":true,"showParticleSystems":true},"in2DMode":false,"pivot":{"x":244.30409240722657,"y":-45.13896179199219,"z":-19.970176696777345},"rotation":{"x":0.06970162689685822,"y":0.7175405621528626,"z":-0.0725993663072586,"w":0.6892679929733276},"size":265.0198974609375,"orthographic":false}