{"cameraMode":{"drawMode":0,"name":"Shaded","section":"Shading Mode"},"sceneLighting":true,"audioPlay":false,"sceneViewState":{"showFog":true,"showMaterialUpdate":false,"showSkybox":true,"showFlares":true,"showImageEffects":true,"showParticleSystems":true},"in2DMode":false,"pivot":{"x":-0.642440676689148,"y":-1156.0867919921875,"z":47.35561752319336},"rotation":{"x":0.7025014758110046,"y":-0.0025564697571098806,"z":0.0025856581050902607,"w":0.7118217349052429},"size":1278.0892333984375,"orthographic":false}