{"cameraMode":{"drawMode":0,"name":"Shaded","section":"Shading Mode"},"sceneLighting":true,"audioPlay":false,"sceneViewState":{"showFog":true,"showMaterialUpdate":false,"showSkybox":true,"showFlares":true,"showImageEffects":true,"showParticleSystems":true},"in2DMode":false,"pivot":{"x":-15.560297012329102,"y":8.196456909179688,"z":15.821683883666993},"rotation":{"x":0.026790395379066469,"y":0.9650945663452148,"z":-0.2364918738603592,"w":0.1093287318944931},"size":83.34019470214844,"orthographic":false}