{"cameraMode":{"drawMode":0,"name":"Shaded","section":"Shading Mode"},"sceneLighting":false,"audioPlay":false,"sceneViewState":{"showFog":true,"showMaterialUpdate":false,"showSkybox":false,"showFlares":true,"showImageEffects":true,"showParticleSystems":true},"in2DMode":false,"pivot":{"x":0.0,"y":1.587725043296814,"z":-0.019846569746732713},"rotation":{"x":-0.30628493428230288,"y":0.11868754029273987,"z":-0.03852690011262894,"w":-0.9437788128852844},"size":9.95931339263916,"orthographic":false}