{"cameraMode":{"drawMode":0,"name":"Shaded","section":"Shading Mode"},"sceneLighting":false,"audioPlay":false,"sceneViewState":{"showFog":true,"showMaterialUpdate":false,"showSkybox":false,"showFlares":true,"showImageEffects":true,"showParticleSystems":true},"in2DMode":false,"pivot":{"x":1.2456942796707154,"y":1.5808005332946778,"z":-0.00893653929233551},"rotation":{"x":-0.3341875970363617,"y":0.020358219742774965,"z":-0.007228232454508543,"w":-0.942312479019165},"size":6.839478492736816,"orthographic":false}