{"cameraMode":{"drawMode":0,"name":"Shaded","section":"Shading Mode"},"sceneLighting":false,"audioPlay":false,"sceneViewState":{"showFog":true,"showMaterialUpdate":false,"showSkybox":true,"showFlares":true,"showImageEffects":true,"showParticleSystems":true},"in2DMode":false,"pivot":{"x":-73.27700805664063,"y":-20.655635833740236,"z":-30.55402374267578},"rotation":{"x":-0.07597757130861283,"y":0.7565346360206604,"z":-0.08899953216314316,"w":-0.6434393525123596},"size":108.71643829345703,"orthographic":false}